-- SCRIPT SQL donné à titre indicatif. Les scripts JS ont le même effet --

BEGIN;

INSERT INTO "type"
  ("name", "color")
VALUES
  ( 'Acier', 'aaaabb'),
  ( 'Combat', 'bb5544'),
  ( 'Dragon', '7766ee'),
  ( 'Eau', '3399ff'),
  ( 'Électrik', 'ffbb33'),
  ( 'Feu', 'ff4422'),
  ( 'Glace', '77ddff'),
  ( 'Insecte', 'aabb22'),
  ( 'Normal', 'bbaabb'),
  ( 'Plante', '77cc55'),
  ( 'Poison', 'aa5599'),
  ( 'Psy', 'ff5599'),
  ( 'Roche', 'bbaa66'),
  ( 'Sol', 'ddbb55'),
  ( 'Spectre', '6666bb'),
  ( 'Ténèbres', '665544'),
  ( 'Vol', '6699ff'),
  ( 'Fée', 'ee99ee')
;

INSERT INTO "pokemon" 
  ("id", "name", "hp", "atk", "def", "atk_spe", "def_spe", "speed")
VALUES
  (1, 'Bulbizarre', 45, 49, 49, 65, 65, 45),
  (2, 'Herbizarre', 60, 62, 63, 80, 80, 60),
  (3, 'Florizarre', 80, 82, 83, 100, 100, 80),
  (4, 'Salameche', 39, 52, 43, 60, 50, 65),
  (5, 'Reptincel', 58, 64, 58, 80, 65, 80),
  (6, 'Dracaufeu', 78, 84, 78, 109, 85, 100),
  (7, 'Carapuce', 44, 48, 65, 50, 64, 43),
  (8, 'Carabaffe', 59, 63, 80, 65, 80, 58),
  (9, 'Tortank', 79, 83, 100, 85, 105, 78),
  (10, 'Chenipan', 45, 30, 35, 20, 20, 45),
  (11, 'Chrysacier', 50, 20, 55, 25, 25, 30),
  (12, 'Papilusion', 60, 45, 50, 80, 80, 70),
  (13, 'Aspicot', 40, 35, 30, 20, 20, 50),
  (14, 'Coconfort', 45, 25, 50, 25, 25, 35),
  (15, 'Dardargnan', 65, 80, 40, 45, 80, 75),
  (16, 'Roucool', 40, 45, 40, 35, 35, 56),
  (17, 'Roucoups', 63, 60, 55, 50, 50, 71),
  (18, 'Roucarnage', 83, 80, 75, 70, 70, 91),
  (19, 'Rattata', 30, 56, 35, 25, 35, 72),
  (20, 'Rattatac', 55, 81, 60, 50, 70, 97),
  (21, 'Piafabec', 40, 60, 30, 31, 31, 70),
  (22, 'Rapasdepic', 65, 90, 65, 61, 61, 100),
  (23, 'Abo', 35, 60, 44, 40, 54, 55),
  (24, 'Arbok', 60, 85, 69, 65, 79, 80),
  (25, 'Pikachu', 35, 55, 30, 50, 40, 90),
  (26, 'Raichu', 60, 90, 55, 90, 80, 100),
  (27, 'Sabelette', 50, 75, 85, 20, 30, 40),
  (28, 'Sablaireau', 75, 100, 110, 45, 55, 65),
  (29, 'Nidoran F', 55, 47, 52, 40, 40, 41),
  (30, 'Nidorina', 70, 62, 67, 55, 55, 56),
  (31, 'Nidoqueen', 90, 82, 87, 75, 85, 76),
  (32, 'Nidoran M', 46, 57, 40, 40, 40, 50),
  (33, 'Nidorino', 61, 72, 57, 55, 55, 65),
  (34, 'Nidoking', 81, 92, 77, 85, 75, 85),
  (35, 'Melofee', 70, 45, 48, 60, 65, 35),
  (36, 'Melodelfe', 95, 70, 73, 85, 90, 60),
  (37, 'Goupix', 38, 41, 40, 50, 65, 65),
  (38, 'Feunard', 73, 76, 75, 81, 100, 100),
  (39, 'Rondoudou', 115, 45, 20, 45, 25, 20),
  (40, 'Grodoudou', 140, 70, 45, 75, 50, 45),
  (41, 'Nosferapti', 40, 45, 35, 30, 40, 55),
  (42, 'Nosferalto', 75, 80, 70, 65, 75, 90),
  (43, 'Mystherbe', 45, 50, 55, 75, 65, 30),
  (44, 'Ortide', 60, 65, 70, 85, 75, 40),
  (45, 'Rafflesia', 75, 80, 85, 100, 90, 50),
  (46, 'Paras', 35, 70, 55, 45, 55, 25),
  (47, 'Parasect', 60, 95, 80, 60, 80, 30),
  (48, 'Mimitoss', 60, 55, 50, 40, 55, 45),
  (49, 'Aeromite', 70, 65, 60, 90, 75, 90),
  (50, 'Taupiqueur', 10, 55, 25, 35, 45, 95),
  (51, 'Triopikeur', 35, 80, 50, 50, 70, 120),
  (52, 'Miaouss', 40, 45, 35, 40, 40, 90),
  (53, 'Persian', 65, 70, 60, 65, 65, 115),
  (54, 'Psykokwak', 50, 52, 48, 65, 50, 55),
  (55, 'Akwakwak', 80, 82, 78, 95, 80, 85),
  (56, 'Ferosinge', 40, 80, 35, 35, 45, 70),
  (57, 'Colossinge', 65, 105, 60, 60, 70, 95),
  (58, 'Caninos', 55, 70, 45, 70, 50, 60),
  (59, 'Arcanin', 90, 110, 80, 100, 80, 95),
  (60, 'Ptitard', 40, 50, 40, 40, 40, 90),
  (61, 'Tetarte', 65, 65, 65, 50, 50, 90),
  (62, 'Tartard', 90, 85, 95, 70, 90, 70),
  (63, 'Abra', 25, 20, 15, 105, 55, 90),
  (64, 'Kadabra', 40, 35, 30, 120, 70, 105),
  (65, 'Alakazam', 55, 50, 45, 135, 85, 120),
  (66, 'Machoc', 70, 80, 50, 35, 35, 35),
  (67, 'Machopeur', 80, 100, 70, 50, 60, 45),
  (68, 'Mackogneur', 90, 130, 80, 65, 85, 55),
  (69, 'Chetiflor', 50, 75, 35, 70, 30, 40),
  (70, 'Boustiflor', 65, 90, 50, 85, 45, 55),
  (71, 'Empiflor', 80, 105, 65, 100, 60, 70),
  (72, 'Tentacool', 40, 40, 35, 50, 100, 70),
  (73, 'Tentacruel', 80, 70, 65, 80, 120, 100),
  (74, 'Racaillou', 40, 80, 100, 30, 30, 20),
  (75, 'Gravalanch', 55, 95, 115, 45, 45, 35),
  (76, 'Grolem', 80, 110, 130, 55, 65, 45),
  (77, 'Ponyta', 50, 85, 55, 65, 65, 90),
  (78, 'Galopa', 65, 100, 70, 80, 80, 105),
  (79, 'Ramoloss', 90, 65, 65, 40, 40, 15),
  (80, 'Flagadoss', 95, 75, 110, 100, 80, 30),
  (81, 'Magneti', 25, 35, 70, 95, 55, 45),
  (82, 'Magneton', 50, 60, 95, 120, 70, 70),
  (83, 'Canarticho', 52, 65, 55, 58, 62, 60),
  (84, 'Doduo', 35, 85, 45, 35, 35, 75),
  (85, 'Dodrio', 60, 110, 70, 60, 60, 100),
  (86, 'Otaria', 65, 45, 55, 45, 70, 45),
  (87, 'Lamantine', 90, 70, 80, 70, 95, 70),
  (88, 'Tadmorv', 80, 80, 50, 40, 50, 25),
  (89, 'Grotadmorv', 105, 105, 75, 65, 100, 50),
  (90, 'Kokiyas', 30, 65, 100, 45, 25, 40),
  (91, 'Crustabri', 50, 95, 180, 85, 45, 70),
  (92, 'Fantominus', 30, 35, 30, 100, 35, 80),
  (93, 'Spectrum', 45, 50, 45, 115, 55, 95),
  (94, 'Ectoplasma', 60, 65, 60, 130, 75, 110),
  (95, 'Onix', 35, 45, 160, 30, 45, 70),
  (96, 'Soporifik', 60, 48, 45, 43, 90, 42),
  (97, 'Hypnomade', 85, 73, 70, 73, 115, 67),
  (98, 'Krabby', 30, 105, 90, 25, 25, 50),
  (99, 'Krabboss', 55, 130, 115, 50, 50, 75),
  (100, 'Voltorbe', 40, 30, 50, 55, 55, 100),
  (101, 'Electrode', 60, 50, 70, 80, 80, 140),
  (102, 'Noeunoeuf', 60, 40, 80, 60, 45, 40),
  (103, 'Noadkoko', 95, 95, 85, 125, 65, 55),
  (104, 'Osselait', 50, 50, 95, 40, 50, 35),
  (105, 'Ossatueur', 60, 80, 110, 50, 80, 45),
  (106, 'Kicklee', 50, 120, 53, 35, 110, 87),
  (107, 'Tygnon', 50, 105, 79, 35, 110, 76),
  (108, 'Excelangue', 90, 55, 75, 60, 75, 30),
  (109, 'Smogo', 40, 65, 95, 60, 45, 35),
  (110, 'Smogogo', 65, 90, 120, 85, 70, 60),
  (111, 'Rhinocorne', 80, 85, 95, 30, 30, 25),
  (112, 'Rhinoferos', 105, 130, 120, 45, 45, 40),
  (113, 'Leveinard', 250, 5, 5, 35, 105, 50),
  (114, 'Saquedeneu', 65, 55, 115, 100, 40, 60),
  (115, 'Kangourex', 105, 95, 80, 40, 80, 90),
  (116, 'Hypotrempe', 30, 40, 70, 70, 25, 60),
  (117, 'Hypocean', 55, 65, 95, 95, 45, 85),
  (118, 'Poissirene', 45, 67, 60, 35, 50, 63),
  (119, 'Poissoroy', 80, 92, 65, 65, 80, 68),
  (120, 'Stari', 30, 45, 55, 70, 55, 85),
  (121, 'Staross', 60, 75, 85, 100, 85, 115),
  (122, 'M.Mime', 40, 45, 65, 100, 120, 90),
  (123, 'Insecateur', 70, 110, 80, 55, 80, 105),
  (124, 'Lippoutou', 65, 50, 35, 115, 95, 95),
  (125, 'Elektek', 65, 83, 57, 95, 85, 105),
  (126, 'Magmar', 65, 95, 57, 100, 85, 93),
  (127, 'Scarabrute', 65, 125, 100, 55, 70, 85),
  (128, 'Tauros', 75, 100, 95, 40, 70, 110),
  (129, 'Magicarpe', 20, 10, 55, 15, 20, 80),
  (130, 'Leviator', 95, 125, 79, 60, 100, 81),
  (131, 'Lokhlass', 130, 85, 80, 85, 95, 60),
  (132, 'Metamorph', 48, 48, 48, 48, 48, 48),
  (133, 'Evoli', 55, 55, 50, 45, 65, 55),
  (134, 'Aquali', 130, 65, 60, 110, 95, 65),
  (135, 'Voltali', 65, 65, 60, 110, 95, 130),
  (136, 'Pyroli', 65, 130, 60, 95, 110, 65),
  (137, 'Porygon', 65, 60, 70, 85, 75, 40),
  (138, 'Amonita', 35, 40, 100, 90, 55, 35),
  (139, 'Amonistar', 70, 60, 125, 115, 70, 55),
  (140, 'Kabuto', 30, 80, 90, 55, 45, 55),
  (141, 'Kabutops', 60, 115, 105, 65, 70, 80),
  (142, 'Ptera', 80, 105, 65, 60, 75, 130),
  (143, 'Ronflex', 160, 110, 65, 65, 110, 30),
  (144, 'Artikodin', 90, 85, 100, 95, 125, 85),
  (145, 'Electhor', 90, 90, 85, 125, 90, 100),
  (146, 'Sulfura', 90, 100, 90, 125, 85, 90),
  (147, 'Minidraco', 41, 64, 45, 50, 50, 50),
  (148, 'Draco', 61, 84, 65, 70, 70, 70),
  (149, 'Dracolosse', 91, 134, 95, 100, 100, 80),
  (150, 'Mewtwo', 106, 110, 90, 154, 90, 130),
  (151, 'Mew', 100, 100, 100, 100, 100, 100),
  (152, 'Germignon', 45, 49, 65, 49, 65, 45),
  (153, 'Macronium', 60, 62, 80, 63, 80, 60),
  (154, 'Meganium', 80, 82, 100, 83, 100, 80),
  (155, 'Héricendre', 39, 52, 43, 60, 50, 65),
  (156, 'Feurisson', 58, 64, 58, 80, 65, 80),
  (157, 'Typhlosion', 78, 84, 78, 109, 85, 100),
  (158, 'Kaiminus', 50, 65, 64, 44, 48, 43),
  (159, 'Crocrodil', 65, 80, 80, 59, 63, 58),
  (160, 'Aligatueur', 85, 105, 100, 79, 83, 78),
  (161, 'Fouinette', 35, 46, 34, 35, 45, 20),
  (162, 'Fouinar', 85, 76, 64, 45, 55, 90),
  (163, 'Hoothoot', 60, 30, 30, 36, 56, 50),
  (164, 'Noarfang', 100, 50, 50, 76, 96, 70),
  (165, 'Coxy', 40, 20, 30, 40, 80, 55),
  (166, 'Coxyclaque', 55, 35, 50, 55, 110, 85),
  (167, 'Mimigal', 40, 60, 40, 40, 40, 30),
  (168, 'Migalos', 70, 90, 70, 60, 60, 40),
  (169, 'Nostenfer', 85, 90, 80, 70, 80, 130),
  (170, 'Loupio', 75, 38, 38, 56, 56, 67),
  (171, 'Lanturn', 125, 58, 58, 76, 76, 67),
  (172, 'Pichu', 20, 40, 15, 35, 35, 60),
  (173, 'Mélo', 50, 25, 28, 45, 55, 15),
  (174, 'Toudoudou', 90, 30, 15, 40, 20, 15),
  (175, 'Togepi', 35, 20, 65, 40, 65, 20),
  (176, 'Togetic', 55, 40, 85, 80, 105, 40),
  (177, 'Natu', 40, 50, 45, 70, 45, 70),
  (178, 'Xatu', 65, 75, 70, 95, 70, 95),
  (179, 'Wattouat', 55, 40, 40, 65, 45, 35),
  (180, 'Lainergie', 70, 55, 55, 80, 60, 45),
  (181, 'Pharamp', 90, 75, 85, 115, 90, 55),
  (182, 'Joliflor', 75, 80, 85, 90, 100, 50),
  (183, 'Marill', 70, 20, 50, 20, 50, 40),
  (184, 'Azumarill', 100, 50, 80, 50, 80, 50),
  (185, 'Simularbre', 70, 100, 115, 30, 65, 30),
  (186, 'Tarpaud', 90, 75, 75, 90, 100, 70),
  (187, 'Granivol', 35, 35, 40, 35, 55, 50),
  (188, 'Floravol', 55, 45, 50, 45, 65, 80),
  (189, 'Cotovol', 75, 55, 70, 55, 85, 110),
  (190, 'Capumain', 55, 70, 55, 40, 55, 85),
  (191, 'Tournegrin', 30, 30, 30, 30, 30, 30),
  (192, 'Héliatronc', 75, 75, 55, 105, 85, 30),
  (193, 'Yanma', 65, 65, 45, 75, 45, 95),
  (194, 'Axoloto', 55, 45, 45, 25, 25, 15),
  (195, 'Maraiste', 95, 85, 85, 65, 65, 35),
  (196, 'Mentali', 65, 65, 60, 130, 95, 110),
  (197, 'Noctali', 95, 65, 110, 60, 130, 65),
  (198, 'Cornèbre', 60, 85, 42, 85, 42, 91),
  (199, 'Roigada', 95, 75, 80, 100, 110, 30),
  (200, 'Feuforêve', 60, 60, 60, 85, 85, 85),
  (201, 'Zarbi', 48, 72, 48, 72, 48, 48),
  (202, 'Qulbutoké', 190, 33, 58, 33, 58, 33),
  (203, 'Girafarig', 70, 80, 65, 90, 65, 85),
  (204, 'Pomdepik', 50, 65, 90, 35, 35, 15),
  (205, 'Foretress', 75, 90, 140, 60, 60, 40),
  (206, 'Insolourdo', 100, 70, 70, 65, 65, 45),
  (207, 'Scorplane', 65, 75, 105, 35, 65, 85),
  (208, 'Steelix', 75, 85, 200, 55, 65, 30),
  (209, 'Snubbull', 60, 80, 50, 40, 40, 30),
  (210, 'Granbull', 90, 120, 75, 60, 60, 45),
  (211, 'Qwilfish', 65, 95, 85, 55, 55, 85),
  (212, 'Cizayox', 70, 130, 100, 55, 80, 65),
  (213, 'Caratroc', 20, 10, 230, 10, 230, 5),
  (214, 'Scarhino', 80, 125, 75, 40, 95, 85),
  (215, 'Farfuret', 55, 95, 55, 35, 75, 115),
  (216, 'Teddiursa', 60, 80, 50, 50, 50, 40),
  (217, 'Ursaring', 90, 130, 75, 75, 75, 55),
  (218, 'Limagma', 40, 40, 40, 70, 40, 20),
  (219, 'Volcaropod', 60, 50, 120, 90, 80, 30),
  (220, 'Marcacrin', 50, 50, 40, 30, 30, 50),
  (221, 'Cochignon', 100, 100, 80, 60, 60, 50),
  (222, 'Corayon', 65, 55, 95, 65, 95, 35),
  (223, 'Rémoraid', 35, 65, 35, 65, 35, 65),
  (224, 'Octillery', 75, 105, 75, 105, 75, 45),
  (225, 'Cadoizo', 45, 55, 45, 65, 45, 75),
  (226, 'Démanta', 65, 40, 70, 80, 140, 70),
  (227, 'Airmure', 65, 80, 140, 40, 70, 70),
  (228, 'Malosse', 45, 60, 30, 80, 50, 65),
  (229, 'Démolosse', 75, 90, 50, 110, 80, 95),
  (230, 'Hyporoi', 75, 95, 95, 95, 95, 85),
  (231, 'Phanpy', 90, 60, 60, 40, 40, 40),
  (232, 'Donphan', 90, 120, 120, 60, 60, 50),
  (233, 'Porygon2', 85, 80, 90, 105, 95, 60),
  (234, 'Cerfrousse', 73, 95, 62, 85, 65, 85),
  (235, 'Queulorior', 55, 20, 35, 20, 45, 75),
  (236, 'Debugant', 35, 35, 35, 35, 35, 35),
  (237, 'Kapoera', 50, 95, 95, 35, 110, 70),
  (238, 'Lippouti', 45, 30, 15, 85, 65, 65),
  (239, 'Elekid', 45, 63, 37, 65, 55, 95),
  (240, 'Magby', 45, 75, 37, 70, 55, 83),
  (241, 'Ecrémeuh', 95, 80, 105, 40, 70, 100),
  (242, 'Leuphorie', 255, 10, 10, 75, 135, 55),
  (243, 'Raikou', 90, 85, 75, 115, 100, 115),
  (244, 'Entei', 115, 115, 85, 90, 75, 100),
  (245, 'Suicune', 100, 75, 115, 90, 115, 85),
  (246, 'Embrylex', 50, 64, 50, 45, 50, 41),
  (247, 'Ymphect', 70, 84, 70, 65, 70, 51),
  (248, 'Tyranocif', 100, 134, 110, 95, 100, 61),
  (249, 'Lugia', 106, 90, 130, 90, 154, 110),
  (250, 'Ho-Oh', 106, 130, 90, 110, 154, 90),
  (251, 'Celebi', 100, 100, 100, 100, 100, 100),
   (252, 'Arcko', 40, 45, 35, 65, 55, 70),
  (253, 'Massko', 50, 65, 45, 85, 65, 95),
  (254, 'Jungko', 70, 85, 65, 105, 85, 120),
  (255, 'Poussifeu', 45, 60, 40, 70, 50, 45),
  (256, 'Galifeu', 60, 85, 60, 85, 60, 55),
  (257, 'Brasegali', 80, 120, 70, 110, 70, 80),
  (258, 'Gobou', 50, 70, 50, 50, 50, 40),
  (259, 'Flobio', 70, 85, 70, 60, 70, 50),
  (260, 'Laggron', 100, 110, 90, 85, 90, 60),
  (261, 'Medhyena', 35, 55, 35, 30, 30, 35),
  (262, 'Grahyena', 70, 90, 70, 60, 60, 70),
  (263, 'Zigzaton', 38, 30, 41, 30, 41, 60),
  (264, 'Lineon', 78, 70, 61, 50, 61, 100),
  (265, 'Chenipotte', 45, 45, 35, 20, 30, 20),
  (266, 'Armulys', 50, 35, 55, 25, 25, 15),
  (267, 'Charmillon', 60, 70, 50, 100, 50, 65),
  (268, 'Blindalys', 50, 35, 55, 25, 25, 15),
  (269, 'Papinox', 60, 50, 70, 50, 90, 65),
  (270, 'Nénupiot', 40, 30, 30, 40, 50, 30),
  (271, 'Lombre', 60, 50, 50, 60, 70, 50),
  (272, 'Ludicolo', 80, 70, 70, 90, 100, 70),
  (273, 'Grainipiot', 40, 40, 50, 30, 30, 30),
  (274, 'Pifeuil', 70, 70, 40, 60, 40, 60),
  (275, 'Tengalice', 90, 100, 60, 90, 60, 80),
  (276, 'Nirondelle', 40, 55, 30, 30, 30, 85),
  (277, 'Hélédelle', 60, 85, 60, 75, 50, 125),
  (278, 'Goélise', 40, 30, 30, 55, 30, 85),
  (279, 'Bekipan', 60, 50, 100, 95, 70, 65),
  (280, 'Tarsal', 28, 25, 25, 45, 35, 40),
  (281, 'Kirlia', 38, 35, 35, 65, 55, 50),
  (282, 'Gardevoir', 68, 65, 65, 125, 115, 80),
  (283, 'Arakdo', 40, 30, 32, 50, 52, 65),
  (284, 'Maskadra', 70, 60, 62, 100, 82, 80),
  (285, 'Balignon', 60, 40, 60, 40, 60, 35),
  (286, 'Chapignon', 60, 130, 80, 60, 60, 70),
  (287, 'Parecool', 60, 60, 60, 35, 35, 30),
  (288, 'Vigoroth', 80, 80, 80, 55, 55, 90),
  (289, 'Monaflèmit', 150, 160, 100, 95, 65, 100),
  (290, 'Ningale', 31, 45, 90, 30, 30, 40),
  (291, 'Ninjask', 61, 90, 45, 50, 50, 160),
  (292, 'Munja', 1, 90, 45, 30, 30, 40),
  (293, 'Chuchmur', 64, 51, 23, 51, 23, 28),
  (294, 'Ramboum', 84, 71, 43, 71, 43, 48),
  (295, 'Brouhabam', 104, 91, 63, 91, 73, 68),
  (296, 'Makuhita', 72, 60, 30, 20, 30, 25),
  (297, 'Hariyama', 144, 120, 60, 40, 60, 50),
  (298, 'Azurill', 50, 20, 40, 20, 40, 20),
  (299, 'Tarinor', 30, 45, 135, 45, 90, 30),
  (300, 'Skitty', 50, 45, 45, 35, 35, 50),
  (301, 'Delcatty', 70, 65, 65, 55, 55, 70),
  (302, 'Ténéfix', 50, 75, 75, 65, 65, 50),
  (303, 'Mysdibule', 50, 85, 85, 55, 55, 50),
  (304, 'Galekid', 50, 70, 100, 40, 40, 30),
  (305, 'Galegon', 60, 90, 140, 50, 50, 40),
  (306, 'Galeking', 70, 110, 180, 60, 60, 50),
  (307, 'Méditikka', 30, 40, 55, 40, 55, 60),
  (308, 'Charmina', 60, 60, 75, 60, 75, 80),
  (309, 'Dynavolt', 40, 45, 40, 65, 40, 65),
  (310, 'Élecsprint', 70, 75, 60, 105, 60, 105),
  (311, 'Posipi', 60, 50, 40, 85, 75, 95),
  (312, 'Négapi', 60, 40, 50, 75, 85, 95),
  (313, 'Muciole', 65, 73, 55, 47, 75, 85),
  (314, 'Lumivole', 65, 47, 55, 73, 75, 85),
  (315, 'Rosélia', 50, 60, 45, 100, 80, 65),
  (316, 'Gloupti', 70, 43, 53, 43, 53, 40),
  (317, 'Avaltout', 100, 73, 83, 73, 83, 55),
  (318, 'Carvanha', 45, 90, 20, 65, 20, 65),
  (319, 'Sharpedo', 70, 120, 40, 95, 40, 95),
  (320, 'Wailmer', 130, 70, 35, 70, 35, 60),
  (321, 'Wailord', 170, 90, 45, 90, 45, 60),
  (322, 'Chamallot', 60, 60, 40, 65, 45, 35),
  (323, 'Camérupt', 70, 100, 70, 105, 75, 40),
  (324, 'Chartor', 70, 85, 140, 85, 70, 20),
  (325, 'Spoink', 60, 25, 35, 70, 80, 60),
  (326, 'Groret', 80, 45, 65, 90, 110, 80),
  (327, 'Spinda', 60, 60, 60, 60, 60, 60),
  (328, 'Kraknoix', 45, 100, 45, 45, 45, 10),
  (329, 'Vibraninf', 50, 70, 50, 50, 50, 70),
  (330, 'Libégon', 80, 100, 80, 80, 80, 100),
  (331, 'Cacnea', 50, 85, 40, 85, 40, 35),
  (332, 'Cacturne', 70, 115, 60, 115, 60, 55),
  (333, 'Tylton', 45, 40, 60, 40, 75, 50),
  (334, 'Altaria', 75, 70, 90, 70, 105, 80),
  (335, 'Mangriff', 73, 115, 60, 60, 60, 90),
  (336, 'Séviper', 73, 100, 60, 100, 60, 65),
  (337, 'Séléroc', 70, 55, 65, 95, 85, 70),
  (338, 'Solaroc', 70, 95, 85, 55, 65, 70),
  (339, 'Barloche', 50, 48, 43, 46, 41, 60),
  (340, 'Barbicha', 110, 78, 73, 76, 71, 60),
  (341, 'Écrapince', 43, 80, 65, 50, 35, 35),
  (342, 'Colhomard', 63, 120, 85, 90, 55, 55),
  (343, 'Balbuto', 40, 40, 55, 40, 70, 55),
  (344, 'Kaorine', 60, 70, 105, 70, 120, 75),
  (345, 'Lilia', 66, 41, 77, 61, 87, 23),
  (346, 'Vacilys', 86, 81, 97, 81, 107, 43),
  (347, 'Anorith', 45, 95, 50, 40, 50, 75),
  (348, 'Armaldo', 75, 125, 100, 70, 80, 45),
  (349, 'Barpau', 20, 15, 20, 10, 55, 80),
  (350, 'Milobellus', 95, 60, 79, 100, 125, 81),
  (351, 'Morphéo', 70, 70, 70, 70, 70, 70),
  (352, 'Kecleon', 60, 90, 70, 60, 120, 40),
  (353, 'Polichombr', 44, 75, 35, 63, 33, 45),
  (354, 'Branette', 64, 115, 65, 83, 63, 65),
  (355, 'Skelénox', 20, 40, 90, 30, 90, 25),
  (356, 'Téraclope', 40, 70, 130, 60, 130, 25),
  (357, 'Tropius', 99, 68, 83, 72, 87, 51),
  (358, 'Éoko', 75, 50, 80, 95, 90, 65),
  (359, 'Absol', 65, 130, 60, 75, 60, 75),
  (360, 'Okeoke', 95, 23, 48, 23, 48, 23),
  (361, 'Stalgamin', 50, 50, 50, 50, 50, 50),
  (362, 'Oniglali', 80, 80, 80, 80, 80, 80),
  (363, 'Obalie', 70, 40, 50, 55, 50, 25),
  (364, 'Phogleur', 90, 60, 70, 75, 70, 45),
  (365, 'Kaimorse', 110, 80, 90, 95, 90, 65),
  (366, 'Coquiperl', 35, 64, 85, 74, 55, 32),
  (367, 'Serpang', 55, 104, 105, 94, 75, 52),
  (368, 'Rosabyss', 55, 84, 105, 114, 75, 52),
  (369, 'Relicanth', 100, 90, 130, 45, 65, 55),
  (370, 'Lovdisc', 43, 30, 55, 40, 65, 97),
  (371, 'Draby', 45, 75, 60, 40, 30, 50),
  (372, 'Drackhaus', 65, 95, 100, 60, 50, 50),
  (373, 'Drattak', 95, 135, 80, 110, 80, 100),
  (374, 'Terhal', 40, 55, 80, 35, 60, 30),
  (375, 'Métang', 60, 75, 100, 55, 80, 50),
  (376, 'Métalosse', 80, 135, 130, 95, 90, 70),
  (377, 'Regirock', 80, 100, 200, 50, 100, 50),
  (378, 'Regice', 80, 50, 100, 100, 200, 50),
  (379, 'Registeel', 80, 75, 150, 75, 150, 50),
  (380, 'Latias', 80, 80, 90, 110, 130, 110),
  (381, 'Latios', 80, 90, 80, 130, 110, 110),
  (382, 'Kyogre', 100, 100, 90, 150, 140, 90),
  (383, 'Groudon', 100, 150, 140, 100, 90, 90),
  (384, 'Rayquaza', 105, 150, 90, 150, 90, 95),
  (385, 'Jirachi', 100, 100, 100, 100, 100, 100),
  (386, 'Deoxys', 50, 150, 50, 150, 50, 150),
  (387, 'Tortipouss', 55, 68, 64, 45, 55, 31),
  (388, 'Boskara', 75, 89, 85, 55, 65, 36),
  (389, 'Torterra', 95, 109, 105, 75, 85, 56),
  (390, 'Ouisticram', 44, 58, 44, 58, 44, 61),
  (391, 'Chimpenfeu', 64, 78, 52, 78, 52, 81),
  (392, 'Simiabraz', 76, 104, 71, 104, 71, 108),
  (393, 'Tiplouf', 53, 51, 53, 61, 56, 40),
  (394, 'Prinplouf', 64, 66, 68, 81, 76, 50),
  (395, 'Pingoleon', 84, 86, 88, 111, 101, 60),
  (396, 'Etourmi', 40, 55, 30, 30, 30, 60),
  (397, 'Etourvol', 55, 75, 50, 40, 40, 80),
  (398, 'Etouraptor', 85, 120, 70, 50, 60, 100),
  (399, 'Keunotor', 59, 45, 40, 35, 40, 31),
  (400, 'Castorno', 79, 85, 60, 55, 60, 71),
  (401, 'Crikzik', 37, 25, 41, 25, 41, 25),
  (402, 'Mélokrik', 77, 85, 51, 55, 51, 65),
  (403, 'Lixy', 45, 65, 34, 40, 34, 45),
  (404, 'Luxio', 60, 85, 49, 60, 49, 60),
  (405, 'Luxray', 80, 120, 79, 95, 79, 70),
  (406, 'Rozbouton', 40, 30, 35, 50, 70, 55),
  (407, 'Roserade', 60, 70, 65, 125, 105, 90),
  (408, 'Kranidos', 67, 125, 40, 30, 30, 58),
  (409, 'Charkos', 97, 165, 60, 65, 50, 58),
  (410, 'Dinoclier', 30, 42, 118, 42, 88, 30),
  (411, 'Bastiodon', 60, 52, 168, 47, 138, 30),
  (412, 'Cheniti', 40, 29, 45, 29, 45, 36),
  (413, 'Cheniselle', 60, 59, 85, 79, 105, 36),
  (414, 'Papilord', 70, 94, 50, 94, 50, 66),
  (415, 'Apitrini', 30, 30, 42, 30, 42, 70),
  (416, 'Apireine', 70, 80, 102, 80, 102, 40),
  (417, 'Pachirisu', 60, 45, 70, 45, 90, 95),
  (418, 'Mustébouée', 55, 65, 35, 60, 30, 85),
  (419, 'Mustéflott', 85, 105, 55, 85, 50, 115),
  (420, 'Ceribou', 45, 35, 45, 62, 53, 35),
  (421, 'Ceriflor', 70, 60, 70, 87, 78, 85),
  (422, 'Sancoki', 76, 48, 48, 57, 62, 34),
  (423, 'Tritosor', 111, 83, 68, 92, 82, 39),
  (424, 'Capidextre', 75, 100, 66, 60, 66, 115),
  (425, 'Baudrive', 90, 50, 34, 60, 44, 70),
  (426, 'Grodrive', 150, 80, 44, 90, 54, 80),
  (427, 'Laporeille', 55, 66, 44, 44, 56, 85),
  (428, 'Lockpin', 65, 76, 84, 54, 96, 105),
  (429, 'Magirêve', 60, 60, 60, 105, 105, 105),
  (430, 'Corboss', 100, 125, 52, 105, 52, 71),
  (431, 'Chaglam', 49, 55, 42, 42, 37, 85),
  (432, 'Chaffreux', 71, 82, 64, 64, 59, 112),
  (433, 'Korillon', 45, 30, 50, 65, 50, 45),
  (434, 'Moufouette', 63, 63, 47, 41, 41, 74),
  (435, 'Moufflair', 103, 93, 67, 71, 61, 84),
  (436, 'Archéomire', 57, 24, 86, 24, 86, 23),
  (437, 'Archéodong', 67, 89, 116, 79, 116, 33),
  (438, 'Manzaï', 50, 80, 95, 10, 45, 10),
  (439, 'Mime Jr.', 20, 25, 45, 70, 90, 60),
  (440, 'Ptiravi', 100, 5, 5, 15, 65, 30),
  (441, 'Pijako', 76, 65, 45, 92, 42, 91),
  (442, 'Spiritomb', 50, 92, 108, 92, 108, 35),
  (443, 'Griknot', 58, 70, 45, 40, 45, 42),
  (444, 'Carmache', 68, 90, 65, 50, 55, 82),
  (445, 'Carchacrok', 108, 130, 95, 80, 85, 102),
  (446, 'Goinfrex', 135, 85, 40, 40, 85, 5),
  (447, 'Riolu', 40, 70, 40, 35, 40, 60),
  (448, 'Lucario', 70, 110, 70, 115, 70, 90),
  (449, 'Hippopotas', 68, 72, 78, 38, 42, 32),
  (450, 'Hippodocus', 108, 112, 118, 68, 72, 47),
  (451, 'Rapion', 40, 50, 90, 30, 55, 65),
  (452, 'Drascore', 70, 90, 110, 60, 75, 95),
  (453, 'Cradopaud', 48, 61, 40, 61, 40, 50),
  (454, 'Coatox', 83, 106, 65, 86, 65, 85),
  (455, 'Vortente', 74, 100, 72, 90, 72, 46),
  (456, 'Écayon', 49, 49, 56, 49, 61, 66),
  (457, 'Luminéon', 69, 69, 76, 69, 86, 91),
  (458, 'Babimanta', 45, 20, 50, 60, 120, 50),
  (459, 'Blizzi', 60, 62, 50, 62, 60, 40),
  (460, 'Blizzaroi', 90, 92, 75, 92, 85, 60),
  (461, 'Dimoret', 70, 120, 65, 45, 85, 125),
  (462, 'Magnézone', 70, 70, 115, 130, 90, 60),
  (463, 'Coudlangue', 110, 85, 95, 80, 95, 50),
  (464, 'Rhinastoc', 115, 140, 130, 55, 55, 40),
  (465, 'Bouldeneu', 100, 100, 125, 110, 50, 50),
  (466, 'Élekable', 75, 123, 67, 95, 85, 95),
  (467, 'Maganon', 75, 95, 67, 125, 95, 83),
  (468, 'Togekiss', 85, 50, 95, 120, 115, 80),
  (469, 'Yanmega', 86, 76, 86, 116, 56, 95),
  (470, 'Phyllali', 65, 110, 130, 60, 65, 95),
  (471, 'Givrali', 65, 60, 110, 130, 95, 65),
  (472, 'Scorvol', 75, 95, 125, 45, 75, 95),
  (473, 'Mammochon', 110, 130, 80, 70, 60, 80),
  (474, 'Porygon-Z', 85, 80, 70, 135, 75, 90),
  (475, 'Gallame', 68, 125, 65, 65, 115, 80),
  (476, 'Tarinorme', 60, 55, 145, 75, 150, 40),
  (477, 'Noctunoir', 45, 100, 135, 65, 135, 45),
  (478, 'Momartik', 70, 80, 70, 80, 70, 110),
  (479, 'Motisma', 50, 50, 77, 95, 77, 91),
  (480, 'Créhelf', 75, 75, 130, 75, 130, 95),
  (481, 'Créfollet', 80, 105, 105, 105, 105, 80),
  (482, 'Créfadet', 75, 125, 70, 125, 70, 115),
  (483, 'Dialga', 100, 120, 120, 150, 100, 90),
  (484, 'Palkia', 90, 120, 100, 150, 120, 100),
  (485, 'Heatran', 91, 90, 106, 130, 106, 77),
  (486, 'Regigigas', 110, 160, 110, 80, 110, 100),
  (487, 'Giratina', 150, 100, 120, 100, 120, 90),
  (488, 'Cresselia', 120, 70, 120, 75, 130, 85),
  (489, 'Phione', 80, 80, 80, 80, 80, 80),
  (490, 'Manaphy', 100, 100, 100, 100, 100, 100),
  (491, 'Darkrai', 70, 90, 90, 135, 90, 125),
  (492, 'Shaymin', 100, 100, 100, 100, 100, 100),
  (493, 'Arceus', 120, 120, 120, 120, 120, 120),
  (494, 'Victini', 100, 100, 100, 100, 100, 100),
  (495, 'Vipélierre', 45, 45, 55, 45, 55, 63),
  (496, 'Lianaja', 60, 60, 75, 60, 75, 83),
  (497, 'Majaspic', 75, 75, 95, 75, 95, 113),
  (498, 'Gruikui', 65, 63, 45, 45, 45, 45),
  (499, 'Grotichon', 90, 93, 55, 70, 55, 55),
  (500, 'Roitiflam', 110, 123, 65, 100, 65, 65),
  (501, 'Moustillon', 55, 55, 45, 63, 45, 45),
  (502, 'Mateloutre', 75, 75, 60, 83, 60, 60),
  (503, 'Clamiral', 95, 100, 85, 108, 70, 70),
  (504, 'Ratentif', 45, 55, 39, 35, 39, 42),
  (505, 'Miradar', 60, 85, 69, 60, 69, 77),
  (506, 'Ponchiot', 45, 60, 45, 25, 45, 55),
  (507, 'Ponchien', 65, 80, 65, 35, 65, 60),
  (508, 'Mastouffe', 85, 110, 90, 45, 90, 80),
  (509, 'Chacripan', 41, 50, 37, 50, 37, 66),
  (510, 'Léopardus', 64, 88, 50, 88, 50, 106),
  (511, 'Feuillajou', 50, 53, 48, 53, 48, 64),
  (512, 'Feuiloutan', 75, 98, 63, 98, 63, 101),
  (513, 'Flamajou', 50, 53, 48, 53, 48, 64),
  (514, 'Flamoutan', 75, 98, 63, 98, 63, 101),
  (515, 'Flotajou', 50, 53, 48, 53, 48, 64),
  (516, 'Flotoutan', 75, 98, 63, 98, 63, 101),
  (517, 'Munna', 76, 25, 45, 67, 55, 24),
  (518, 'Mushana', 116, 55, 85, 107, 95, 29),
  (519, 'Poichigeon', 50, 55, 50, 36, 30, 43),
  (520, 'Colombeau', 62, 77, 62, 50, 42, 65),
  (521, 'Déflaisan', 80, 115, 80, 65, 55, 93),
  (522, 'Zébibron', 45, 60, 32, 50, 32, 76),
  (523, 'Zéblitz', 75, 100, 63, 80, 63, 116),
  (524, 'Nodulithe', 55, 75, 85, 25, 25, 15),
  (525, 'Géolithe', 70, 105, 105, 50, 40, 20),
  (526, 'Gigalithe', 85, 135, 130, 60, 80, 25),
  (527, 'Chovsourir', 55, 45, 43, 55, 43, 72),
  (528, 'Rhinolove', 67, 57, 55, 77, 55, 114),
  (529, 'Rototaupe', 60, 85, 40, 30, 45, 68),
  (530, 'Minotaupe', 110, 135, 60, 50, 65, 88),
  (531, 'Nanméouïe', 103, 60, 86, 60, 86, 50),
  (532, 'Charpenti', 75, 80, 55, 25, 35, 35),
  (533, 'Ouvrifier', 85, 105, 85, 40, 50, 40),
  (534, 'Bétochef', 105, 140, 95, 55, 65, 45),
  (535, 'Tritonde', 50, 50, 40, 50, 40, 64),
  (536, 'Batracné', 75, 65, 55, 65, 55, 69),
  (537, 'Crapustule', 105, 95, 75, 85, 75, 74),
  (538, 'Judokrak', 120, 100, 85, 30, 85, 45),
  (539, 'Karaclée', 75, 125, 75, 30, 75, 85),
  (540, 'Larveyette', 45, 53, 70, 40, 60, 42),
  (541, 'Couverdure', 55, 63, 90, 50, 80, 42),
  (542, 'Manternel', 75, 103, 80, 70, 80, 92),
  (543, 'Venipatte', 30, 45, 59, 30, 39, 57),
  (544, 'Scobolide', 40, 55, 99, 40, 79, 47),
  (545, 'Brutapode', 60, 100, 89, 55, 69, 112),
  (546, 'Doudouvet', 40, 27, 60, 37, 50, 66),
  (547, 'Farfaduvet', 60, 67, 85, 77, 75, 116),
  (548, 'Chlorobule', 45, 35, 50, 70, 50, 30),
  (549, 'Fragilady', 70, 60, 75, 110, 75, 90),
  (550, 'Bargantua', 70, 92, 65, 80, 55, 98),
  (551, 'Mascaïman', 50, 72, 35, 35, 35, 65),
  (552, 'Escroco', 60, 82, 45, 45, 45, 74),
  (553, 'Crocorible', 95, 117, 80, 65, 70, 92),
  (554, 'Darumarond', 70, 90, 45, 15, 45, 50),
  (555, 'Darumacho', 105, 140, 55, 30, 55, 95),
  (556, 'Maracachi', 75, 86, 67, 106, 67, 60),
  (557, 'Crabicoque', 50, 65, 85, 35, 35, 55),
  (558, 'Crabaraque', 70, 105, 125, 65, 75, 45),
  (559, 'Baggiguane', 50, 75, 70, 35, 70, 48),
  (560, 'Baggaïd', 65, 90, 115, 45, 115, 58),
  (561, 'Cryptéro', 72, 58, 80, 103, 80, 97),
  (562, 'Tutafeh', 38, 30, 85, 55, 65, 30),
  (563, 'Tutankafer', 58, 50, 145, 95, 105, 30),
  (564, 'Carapagos', 54, 78, 103, 53, 45, 22),
  (565, 'Mégapagos', 74, 108, 133, 83, 65, 32),
  (566, 'Arkéapti', 55, 112, 45, 74, 45, 70),
  (567, 'Aéroptéryx', 75, 140, 65, 112, 65, 110),
  (568, 'Miamiasme', 50, 50, 62, 40, 62, 65),
  (569, 'Miasmax', 80, 95, 82, 60, 82, 75),
  (570, 'Zorua', 40, 65, 40, 80, 40, 65),
  (571, 'Zoroark', 60, 105, 60, 120, 60, 105),
  (572, 'Chinchidou', 55, 50, 40, 40, 40, 75),
  (573, 'Pashmilla', 75, 95, 60, 65, 60, 115),
  (574, 'Scrutella', 45, 30, 50, 55, 65, 45),
  (575, 'Mesmérella', 60, 45, 70, 75, 85, 55),
  (576, 'Sidérella', 70, 55, 95, 95, 110, 65),
  (577, 'Nucléos', 45, 30, 40, 105, 50, 20),
  (578, 'Méios', 65, 40, 50, 125, 60, 30),
  (579, 'Symbios', 110, 65, 75, 125, 85, 30),
  (580, 'Couaneton', 62, 44, 50, 44, 50, 55),
  (581, 'Lakmécygne', 75, 87, 63, 87, 63, 98),
  (582, 'Sorbébé', 36, 50, 50, 65, 60, 44),
  (583, 'Sorboul', 51, 65, 65, 80, 75, 59),
  (584, 'Sorbouboul', 71, 95, 85, 110, 95, 79),
  (585, 'Vivaldaim', 60, 60, 50, 40, 50, 75),
  (586, 'Haydaim', 80, 100, 70, 60, 70, 95),
  (587, 'Emolga', 55, 75, 60, 75, 60, 103),
  (588, 'Carabing', 50, 75, 45, 40, 45, 60),
  (589, 'Lançargot', 70, 135, 105, 60, 105, 20),
  (590, 'Trompignon', 69, 55, 45, 55, 55, 15),
  (591, 'Gaulet', 114, 85, 70, 85, 80, 30),
  (592, 'Viskuse', 55, 40, 50, 65, 85, 40),
  (593, 'Moyade', 100, 60, 70, 85, 105, 60),
  (594, 'Mamanbo', 165, 75, 80, 40, 45, 65),
  (595, 'Statitik', 50, 47, 50, 57, 50, 65),
  (596, 'Mygavolt', 70, 77, 60, 97, 60, 108),
  (597, 'Grindur', 44, 50, 91, 24, 86, 10),
  (598, 'Noacier', 74, 94, 131, 54, 116, 20),
  (599, 'Tic', 40, 55, 70, 45, 60, 30),
  (600, 'Clic', 60, 80, 95, 70, 85, 50),
  (601, 'Cliticlic', 60, 100, 115, 70, 85, 90),
  (602, 'Anchwatt', 35, 55, 40, 45, 40, 60),
  (603, 'Lampéroie', 65, 85, 70, 75, 70, 40),
  (604, 'Ohmassacre', 85, 115, 80, 105, 80, 50),
  (605, 'Lewsor', 55, 55, 55, 85, 55, 30),
  (606, 'Neitram', 75, 75, 75, 125, 95, 40),
  (607, 'Funécire', 50, 30, 55, 65, 55, 20),
  (608, 'Mélancolux', 60, 40, 60, 95, 60, 55),
  (609, 'Lugulabre', 60, 55, 90, 145, 90, 80),
  (610, 'Coupenotte', 46, 87, 60, 30, 40, 57),
  (611, 'Incisache', 66, 117, 70, 40, 50, 67),
  (612, 'Tranchodon', 76, 147, 90, 60, 70, 97),
  (613, 'Polarhume', 55, 70, 40, 60, 40, 40),
  (614, 'Polagriffe', 95, 110, 80, 70, 80, 50),
  (615, 'Hexagel', 70, 50, 30, 95, 135, 105),
  (616, 'Escargaume', 50, 40, 85, 40, 65, 25),
  (617, 'Limaspeed', 80, 70, 40, 100, 60, 145),
  (618, 'Limonde', 109, 66, 84, 81, 99, 32),
  (619, 'Kungfouine', 45, 85, 50, 55, 50, 65),
  (620, 'Shaofouine', 65, 125, 60, 95, 60, 105),
  (621, 'Drakkarmin', 77, 120, 90, 60, 90, 48),
  (622, 'Gringolem', 59, 74, 50, 35, 50, 35),
  (623, 'Golemastoc', 89, 124, 80, 55, 80, 55),
  (624, 'Scalpion', 45, 85, 70, 40, 40, 60),
  (625, 'Scalproie', 65, 125, 100, 60, 70, 70),
  (626, 'Frison', 95, 110, 95, 40, 95, 55),
  (627, 'Furaiglon', 70, 83, 50, 37, 50, 60),
  (628, 'Gueriaigle', 100, 123, 75, 57, 75, 80),
  (629, 'Vostourno', 70, 55, 75, 45, 65, 60),
  (630, 'Vaututrice', 110, 65, 105, 55, 95, 80),
  (631, 'Aflamanoir', 85, 97, 66, 105, 66, 65),
  (632, 'Fermite', 58, 109, 112, 48, 48, 109),
  (633, 'Solochi', 52, 65, 50, 45, 50, 38),
  (634, 'Diamat', 72, 85, 70, 65, 70, 58),
  (635, 'Trioxhydre', 92, 105, 90, 125, 90, 98),
  (636, 'Pyronille', 55, 85, 55, 50, 55, 60),
  (637, 'Pyrax', 85, 60, 65, 135, 105, 100),
  (638, 'Cobaltium', 91, 90, 129, 90, 72, 108),
  (639, 'Terrakium', 91, 129, 90, 72, 90, 108),
  (640, 'Viridium', 91, 90, 72, 90, 129, 108),
  (641, 'Boréas', 79, 115, 70, 125, 80, 111),
  (642, 'Fulguris', 79, 115, 70, 125, 80, 111),
  (643, 'Reshiram', 100, 120, 100, 150, 120, 90),
  (644, 'Zekrom', 100, 150, 120, 120, 100, 90),
  (645, 'Démétéros', 89, 125, 90, 115, 80, 101),
  (646, 'Kyurem', 125, 130, 90, 130, 90, 95),
  (647, 'Keldeo', 91, 72, 90, 129, 90, 108),
  (648, 'Meloetta', 100, 77, 77, 128, 128, 90),
  (649, 'Genesect', 71, 120, 95, 120, 95, 99),
  (650, 'Marisson', 56, 61, 65, 48, 45, 38),
  (651, 'Boguérisse', 61, 78, 95, 56, 58, 57),
  (652, 'Blindépique', 88, 107, 122, 74, 75, 64),
  (653, 'Feunnec', 40, 45, 40, 62, 60, 60),
  (654, 'Roussil', 59, 59, 58, 90, 70, 73),
  (655, 'Goupelin', 75, 69, 72, 114, 100, 104),
  (656, 'Grenousse', 41, 56, 40, 62, 44, 71),
  (657, 'Croâporal', 54, 63, 52, 83, 56, 97),
  (658, 'Amphinobi', 72, 95, 67, 103, 71, 122),
  (659, 'Sapereau', 38, 36, 38, 32, 36, 57),
  (660, 'Excavarenne', 85, 56, 77, 50, 77, 78),
  (661, 'Passerouge', 45, 50, 43, 40, 38, 62),
  (662, 'Braisillon', 62, 73, 55, 56, 52, 84),
  (663, 'Flambusard', 78, 81, 71, 74, 69, 126),
  (664, 'Lépidonille', 38, 35, 40, 27, 25, 35),
  (665, 'Pérégrain', 45, 22, 60, 27, 30, 29),
  (666, 'Prismillon', 80, 52, 50, 90, 50, 89),
  (667, 'Hélionceau', 62, 50, 58, 73, 54, 72),
  (668, 'Némélios', 86, 68, 72, 109, 66, 106),
  (669, 'Flabébé', 44, 38, 39, 61, 79, 42),
  (670, 'Floette', 54, 45, 47, 75, 98, 52),
  (671, 'Florges', 78, 65, 68, 112, 154, 75),
  (672, 'Cabriolaine', 66, 65, 48, 62, 57, 52),
  (673, 'Chevroum', 123, 100, 62, 97, 81, 68),
  (674, 'Pandespiègle', 67, 82, 62, 46, 48, 43),
  (675, 'Pandarbare', 95, 124, 78, 69, 71, 58),
  (676, 'Couafarel', 75, 80, 60, 65, 90, 102),
  (677, 'Psystigri', 62, 48, 54, 63, 60, 68),
  (678, 'Mistigrix', 74, 48, 76, 83, 81, 104),
  (679, 'Monorpale', 45, 80, 100, 35, 37, 28),
  (680, 'Dimoclès', 59, 110, 150, 45, 49, 35),
  (681, 'Exagide', 60, 50, 140, 50, 140, 60),
  (682, 'Fluvetin', 78, 52, 60, 63, 65, 23),
  (683, 'Cocotine', 101, 72, 72, 99, 89, 29),
  (684, 'Sucroquin', 62, 48, 66, 59, 57, 49),
  (685, 'Cupcanaille', 82, 80, 86, 85, 75, 72),
  (686, 'Sepiatop', 53, 54, 53, 37, 46, 45),
  (687, 'Sepiatroce', 86, 92, 88, 68, 75, 73),
  (688, 'Opermine', 42, 52, 67, 39, 56, 50),
  (689, 'Golgopathe', 72, 105, 115, 54, 86, 68),
  (690, 'Venalgue', 50, 60, 60, 60, 60, 30),
  (691, 'Kravarech', 65, 75, 90, 97, 123, 44),
  (692, 'Flingouste', 50, 53, 62, 58, 63, 44),
  (693, 'Gamblast', 71, 73, 88, 120, 89, 59),
  (694, 'Galvaran', 44, 38, 33, 61, 43, 70),
  (695, 'Iguolta', 62, 55, 52, 109, 94, 109),
  (696, 'Ptyranidur', 58, 89, 77, 45, 45, 48),
  (697, 'Rexillius', 82, 121, 119, 69, 59, 71),
  (698, 'Amagara', 77, 59, 50, 67, 63, 46),
  (699, 'Dragmara', 123, 77, 72, 99, 92, 58),
  (700, 'Nymphali', 95, 65, 65, 110, 130, 60),
  (701, 'Brutalibré', 78, 92, 75, 74, 63, 118),
  (702, 'Dedenne', 67, 58, 57, 81, 67, 101),
  (703, 'Strassie', 50, 50, 150, 50, 150, 50),
  (704, 'Mucuscule', 45, 50, 35, 55, 75, 40),
  (705, 'Colimucus', 68, 75, 53, 83, 113, 60),
  (706, 'Muplodocus', 90, 100, 70, 110, 150, 80),
  (707, 'Trousselin', 57, 80, 91, 80, 87, 75),
  (708, 'Brocélôme', 43, 70, 48, 50, 60, 38),
  (709, 'Desséliande', 85, 110, 76, 65, 82, 56),
  (710, 'Pitrouille', 49, 66, 70, 44, 55, 51),
  (711, 'Banshitrouye', 65, 90, 122, 58, 75, 84),
  (712, 'Grelaçon', 55, 69, 85, 32, 35, 28),
  (713, 'Séracrawl', 95, 117, 184, 44, 46, 28),
  (714, 'Sonistrelle', 40, 30, 35, 45, 40, 55),
  (715, 'Bruyverne', 85, 70, 80, 97, 80, 123),
  (716, 'Xerneas', 126, 131, 95, 131, 98, 99),
  (717, 'Yveltal', 126, 131, 95, 131, 98, 99),
  (718, 'Zygarde', 108, 100, 121, 81, 95, 95),
  (719, 'Diancie', 50, 100, 150, 100, 150, 50),
  (720, 'Hoopa', 80, 110, 60, 150, 130, 70),
  (721, 'Volcanion', 80, 110, 120, 130, 90, 70),
  (722, 'Brindibou', 68, 55, 55, 50, 50, 42),
  (723, 'Efflèche', 78, 75, 75, 70, 70, 52),
  (724, 'Archéduc', 78, 107, 75, 100, 100, 70),
  (725, 'Flamiaou', 45, 65, 40, 60, 40, 70),
  (726, 'Matoufeu', 65, 85, 50, 80, 50, 90),
  (727, 'Félinferno', 95, 115, 90, 80, 90, 60),
  (728, 'Otaquin', 50, 54, 54, 66, 56, 40),
  (729, 'Otarlette', 60, 69, 69, 91, 81, 50),
  (730, 'Oratoria', 80, 74, 74, 126, 116, 60),
  (731, 'Picassaut', 35, 75, 30, 30, 30, 65),
  (732, 'Piclairon', 55, 85, 50, 40, 50, 75),
  (733, 'Bazoucan', 80, 120, 75, 75, 75, 60),
  (734, 'Manglouton', 48, 70, 30, 30, 30, 45),
  (735, 'Argouste', 88, 110, 60, 55, 60, 45),
  (736, 'Larvibule', 47, 62, 45, 55, 45, 46),
  (737, 'Chrysapile', 57, 82, 95, 55, 75, 36),
  (738, 'Lucanon', 77, 70, 90, 145, 75, 43),
  (739, 'Crabagarre', 47, 82, 57, 42, 47, 63),
  (740, 'Crabominable', 97, 132, 77, 62, 67, 43),
  (741, 'Plumeline', 75, 70, 70, 98, 70, 93),
  (742, 'Bombydou', 40, 45, 40, 55, 40, 84),
  (743, 'Rubombelle', 60, 55, 60, 95, 70, 124),
  (744, 'Rocabot', 45, 65, 40, 30, 40, 60),
  (745, 'Lougaroc', 75, 115, 65, 55, 65, 112),
  (746, 'Froussardine', 45, 20, 20, 25, 25, 40),
  (747, 'Vorastérie', 50, 53, 62, 43, 52, 45),
  (748, 'Prédastérie', 50, 63, 152, 53, 142, 35),
  (749, 'Tiboudet', 70, 100, 70, 45, 55, 45),
  (750, 'Bourrinos', 100, 125, 100, 55, 85, 35),
  (751, 'Araqua', 38, 40, 52, 40, 72, 27),
  (752, 'Tarenbulle', 68, 70, 92, 50, 132, 42),
  (753, 'Mimantis', 40, 55, 35, 50, 35, 35),
  (754, 'Floramantis', 70, 105, 90, 80, 90, 45),
  (755, 'Spododo', 40, 35, 55, 65, 75, 15),
  (756, 'Lampignon', 60, 45, 80, 90, 100, 30),
  (757, 'Tritox', 48, 44, 40, 71, 40, 77),
  (758, 'Malamandre', 68, 64, 60, 111, 60, 117),
  (759, 'Nounourson', 70, 75, 50, 45, 50, 50),
  (760, 'Chelours', 120, 125, 80, 55, 60, 60),
  (761, 'Croquine', 42, 30, 38, 30, 38, 32),
  (762, 'Candine', 52, 40, 48, 40, 48, 62),
  (763, 'Sucreine', 72, 120, 98, 50, 98, 72),
  (764, 'Guérilande', 51, 52, 90, 82, 110, 100),
  (765, 'Gouroutan', 90, 60, 80, 90, 110, 60),
  (766, 'Quartermac', 100, 120, 90, 40, 60, 80),
  (767, 'Sovkipou', 25, 35, 40, 20, 30, 80),
  (768, 'Sarmuraï', 75, 125, 140, 60, 90, 40),
  (769, 'Bacabouh', 55, 55, 80, 70, 45, 15),
  (770, 'Trépassable', 85, 75, 110, 100, 75, 35),
  (771, 'Concombaffe', 55, 60, 130, 30, 130, 5),
  (772, 'Type:0', 95, 95, 95, 95, 95, 59),
  (773, 'Silvallié', 95, 95, 95, 95, 95, 95),
  (774, 'Météno', 60, 60, 100, 60, 100, 60),
  (775, 'Dodoala', 65, 115, 65, 75, 95, 65),
  (776, 'Boumata', 60, 78, 135, 91, 85, 36),
  (777, 'Togedemaru', 65, 98, 63, 40, 73, 96),
  (778, 'Mimiqui', 55, 90, 80, 50, 105, 96),
  (779, 'Denticrisse', 68, 105, 70, 70, 70, 92),
  (780, 'Draïeul', 78, 60, 85, 135, 91, 36),
  (781, 'Sinistrail', 70, 131, 100, 86, 90, 40),
  (782, 'Bébécaille', 45, 55, 65, 45, 45, 45),
  (783, 'Écaïd', 55, 75, 90, 65, 70, 65),
  (784, 'Ékaïser', 75, 110, 125, 100, 105, 85),
  (785, 'Tokorico', 70, 115, 85, 95, 75, 130),
  (786, 'Tokopiyon', 70, 85, 75, 130, 115, 95),
  (787, 'Tokotoro', 70, 130, 115, 85, 95, 75),
  (788, 'Tokopisco', 70, 75, 115, 95, 130, 85),
  (789, 'Cosmog', 43, 29, 31, 29, 31, 37),
  (790, 'Cosmovum', 43, 29, 131, 29, 131, 37),
  (791, 'Solgaleo', 137, 137, 107, 113, 89, 97),
  (792, 'Lunala', 137, 113, 89, 137, 107, 97),
  (793, 'Zéroïd', 109, 53, 47, 127, 131, 103),
  (794, 'Mouscoto', 107, 139, 139, 53, 53, 79),
  (795, 'Cancrelove', 71, 137, 37, 137, 37, 151),
  (796, 'Câblifère', 83, 89, 71, 173, 71, 83),
  (797, 'Bamboiselle', 97, 101, 103, 107, 101, 61),
  (798, 'Katagami', 59, 181, 131, 59, 31, 109),
  (799, 'Engloutyran', 223, 101, 53, 97, 53, 43),
  (800, 'Necrozma', 97, 107, 101, 127, 89, 79),
  (801, 'Magearna', 80, 95, 115, 130, 115, 65),
  (802, 'Marshadow', 90, 125, 80, 90, 90, 125),
  (803, 'Vémini', 67, 73, 67, 73, 67, 73),
  (804, 'Mandrillon', 73, 73, 73, 127, 73, 121),
  (805, 'Ama-Ama', 61, 131, 211, 53, 101, 13),
  (806, 'Pierroteknik', 53, 127, 53, 151, 79, 107),
  (807, 'Zeraora', 88, 112, 75, 102, 80, 143),
  (808, 'Meltan', 46, 65, 65, 55, 35, 34),
  (809, 'Melmetal', 135, 143, 143, 80, 65, 34),
  (810, 'Ouistempo', 50, 65, 50, 40, 40, 65),
  (811, 'Badabouin', 70, 85, 70, 55, 60, 80),
  (812, 'Gorythmic', 100, 125, 90, 60, 70, 85),
  (813, 'Flambino', 50, 71, 40, 40, 40, 69),
   (814, 'Lapyro', 65, 86, 60, 55, 60, 94),
  (815, 'Pyrobut', 80, 116, 75, 65, 75, 119),
  (816, 'Larméléon', 50, 40, 40, 70, 40, 70),
  (817, 'Arrozard', 65, 60, 55, 95, 55, 90),
  (818, 'Lézargus', 70, 85, 65, 125, 65, 120),
  (819, 'Rongourmand', 70, 55, 55, 35, 35, 25),
  (820, 'Rongrigou', 120, 95, 95, 55, 75, 20),
  (821, 'Minisange', 38, 47, 35, 33, 35, 57),
  (822, 'Bleuseille', 68, 67, 55, 43, 55, 77),
  (823, 'Corvaillus', 98, 87, 105, 53, 85, 67),
  (824, 'Larvadar', 25, 20, 20, 25, 45, 45),
  (825, 'Coléodôme', 50, 35, 80, 50, 90, 30),
  (826, 'Astronelle', 60, 45, 110, 80, 120, 90),
  (827, 'Goupilou', 40, 28, 28, 47, 52, 50),
  (828, 'Roublenard', 70, 58, 58, 87, 92, 90),
  (829, 'Tournicoton', 40, 40, 60, 40, 60, 10),
  (830, 'Blancoton', 60, 50, 90, 80, 120, 60),
  (831, 'Moumouton', 42, 40, 55, 40, 45, 48),
  (832, 'Moumouflon', 72, 80, 100, 60, 90, 88),
  (833, 'Khélocrok', 50, 64, 50, 38, 38, 44),
  (834, 'Torgamord', 90, 115, 90, 48, 68, 74),
  (835, 'Voltoutou', 59, 45, 50, 40, 50, 26),
  (836, 'Fulgudog', 69, 90, 60, 90, 60, 121),
  (837, 'Charbi', 30, 40, 50, 40, 50, 30),
  (838, 'Wagomine', 80, 60, 90, 60, 70, 50),
  (839, 'Monthracite', 110, 80, 120, 80, 90, 30),
  (840, 'Verpom', 40, 40, 80, 40, 40, 20),
  (841, 'Pomdrapi', 40, 40, 80, 40, 40, 20),
  (842, 'Dratatin', 70, 110, 80, 95, 60, 70),
  (843, 'Dunaja', 52, 57, 75, 35, 50, 46),
  (844, 'Dunaconda', 72, 107, 125, 65, 70, 71),
  (845, 'Nigosier', 70, 85, 55, 85, 95, 85),
  (846, 'Embrochet', 41, 63, 40, 40, 30, 66),
  (847, 'Hastacuda', 61, 123, 60, 60, 50, 136),
  (848, 'Toxizap', 40, 38, 35, 54, 35, 40),
  (849, 'Salarsen', 75, 98, 70, 114, 70, 75),
  (850, 'Grillepattes', 50, 65, 45, 50, 50, 45),
   (851, 'Scolocendre', 100, 115, 65, 90, 90, 65),
  (852, 'Poulpaf', 50, 68, 60, 50, 50, 32),
  (853, 'Krakos', 80, 118, 90, 70, 80, 42),
  (854, 'Théffroi', 40, 45, 45, 74, 54, 50),
  (855, 'Polthégeist', 60, 65, 65, 134, 114, 70),
  (856, 'Bibichut', 42, 30, 45, 56, 53, 39),
  (857, 'Chapotus', 57, 40, 65, 86, 73, 49),
  (858, 'Sorcilence', 82, 55, 75, 142, 97, 60),
  (859, 'Grimalin', 45, 60, 30, 40, 50, 45),
  (860, 'Fourbelin', 65, 85, 60, 55, 60, 75),
  (861, 'Angoliath', 95, 120, 65, 95, 75, 60),
  (862, 'Ixon', 93, 90, 101, 60, 81, 95),
  (863, 'Berserkatt', 70, 110, 100, 50, 60, 50),
  (864, 'Palarticho', 62, 135, 95, 68, 82, 65),
  (865, 'M. Glaquette', 50, 65, 100, 65, 100, 30),
  (866, 'M. Mime de Galar', 50, 65, 65, 90, 90, 100),
  (867, 'Tutétékri', 58, 95, 145, 50, 105, 30),
  (868, 'Crèmy', 65, 60, 75, 110, 121, 64),
  (869, 'Charmilly', 65, 60, 75, 110, 121, 64),
  (870, 'Hexadron', 65, 100, 100, 70, 60, 75),
  (871, 'Wattapik', 48, 38, 95, 54, 85, 36),
  (872, 'Frissonille', 30, 25, 35, 45, 30, 20),
  (873, 'Beldeneige', 70, 65, 60, 125, 90, 65),
  (874, 'Dolman', 100, 125, 135, 20, 20, 70),
  (875, 'Bekaglaçon', 75, 80, 110, 65, 90, 50),
  (876, 'Wimessir', 60, 65, 55, 105, 95, 95),
  (877, 'Morpeko', 58, 95, 58, 70, 58, 97),
  (878, 'Charibari', 72, 80, 49, 40, 49, 40),
  (879, 'Pachyradjah', 122, 130, 69, 80, 69, 30),
  (880, 'Galvagon', 90, 100, 90, 114, 70, 80),
  (881, 'Galvagla', 90, 100, 90, 114, 70, 80),
  (882, 'Hydragon', 90, 90, 100, 70, 80, 55),
  (883, 'Hydragla', 90, 90, 100, 70, 80, 55),
  (884, 'Duralugon', 70, 95, 115, 120, 50, 85),
  (885, 'Fantyrm', 28, 60, 30, 40, 30, 82),
  (886, 'Dispareptil', 68, 80, 50, 60, 50, 102),
  (887, 'Lanssorien', 88, 120, 75, 100, 75, 142),
  (888, 'Zacian', 92, 130, 115, 80, 115, 138),
  (889, 'Zamazenta', 92, 130, 115, 80, 115, 138),
  (890, 'Éthernatos', 140, 85, 95, 145, 95, 130),
  (891, 'Wushours', 60, 90, 60, 53, 50, 72),
  (892, 'Shifours', 100, 130, 100, 63, 60, 97),
  (893, 'Zarude', 105, 120, 105, 70, 95, 105),
  (894, 'Regieleki', 80, 100, 50, 100, 50, 200),
  (895, 'Regidrago', 200, 100, 50, 100, 50, 80),
  (896, 'Blizzeval', 100, 145, 130, 65, 110, 30),
  (897, 'Spectreval', 100, 65, 60, 145, 80, 130),
  (898, 'Sylveroy', 100, 80, 80, 80, 80, 80),
  (899, 'Cerbyllin', 103, 105, 72, 105, 75, 65),
  (900, 'Hachécateur', 70, 135, 95, 45, 55, 85),
  (901, 'Ursaking', 130, 140, 105, 45, 80, 50),
  (902, 'Paragruel', 85, 115, 100, 50, 80, 45),
  (903, 'Farfurex', 70, 130, 100, 60, 70, 75),
  (904, 'Salmure', 80, 120, 80, 95, 80, 85),
  (905, 'Amovénus', 74, 115, 70, 135, 80, 106)
;

-- Reset the ID sequence because we manually inserted the ID in the command before, so the sequence needs an update.
SELECT setval('pokemon_id_seq', (SELECT MAX(id) from "pokemon"));


INSERT INTO "pokemon_type" 
  ("pokemon_id", "type_id")
VALUES
  (1, 10),
  (1, 11),
  (2, 10),
  (2, 11),
  (3, 10),
  (3, 11),
  (4, 6),
  (5, 6),
  (6, 6),
  (6, 17),
  (7, 4),
  (8, 4),
  (9, 4),
  (10, 8),
  (11, 8),
  (12, 8),
  (12, 17),
  (13, 8),
  (13, 11),
  (14, 8),
  (14, 11),
  (15, 8),
  (15, 11),
  (16, 9),
  (16, 17),
  (17, 9),
  (17, 17),
  (18, 9),
  (18, 17),
  (19, 9),
  (20, 9),
  (21, 9),
  (21, 17),
  (22, 9),
  (22, 17),
  (23, 11),
  (24, 11),
  (25, 5),
  (26, 5),
  (27, 14),
  (28, 14),
  (29, 11),
  (30, 11),
  (31, 11),
  (31, 14),
  (32, 11),
  (33, 11),
  (34, 11),
  (34, 14),
  (35, 9),
  (36, 9),
  (37, 6),
  (38, 6),
  (39, 9),
  (40, 9),
  (41, 11),
  (41, 17),
  (42, 11),
  (42, 17),
  (43, 10),
  (43, 11),
  (44, 10),
  (44, 11),
  (45, 10),
  (45, 11),
  (46, 8),
  (46, 10),
  (47, 8),
  (47, 10),
  (48, 8),
  (48, 11),
  (49, 8),
  (49, 11),
  (50, 14),
  (51, 14),
  (52, 9),
  (53, 9),
  (54, 4),
  (55, 4),
  (56, 2),
  (57, 2),
  (58, 6),
  (59, 6),
  (60, 4),
  (61, 4),
  (62, 4),
  (62, 2),
  (63, 12),
  (64, 12),
  (65, 12),
  (66, 2),
  (67, 2),
  (68, 2),
  (69, 10),
  (69, 11),
  (70, 10),
  (70, 11),
  (71, 10),
  (71, 11),
  (72, 4),
  (72, 11),
  (73, 4),
  (73, 11),
  (74, 13),
  (74, 14),
  (75, 13),
  (75, 14),
  (76, 13),
  (76, 14),
  (77, 6),
  (78, 6),
  (79, 4),
  (79, 12),
  (80, 4),
  (80, 12),
  (81, 5),
  (81, 1),
  (82, 5),
  (82, 1),
  (83, 9),
  (83, 17),
  (84, 9),
  (84, 17),
  (85, 9),
  (85, 17),
  (86, 4),
  (87, 4),
  (87, 7),
  (88, 11),
  (89, 11),
  (90, 4),
  (91, 4),
  (91, 7),
  (92, 15),
  (92, 11),
  (93, 15),
  (93, 11),
  (94, 15),
  (94, 11),
  (95, 13),
  (95, 14),
  (96, 12),
  (97, 12),
  (98, 4),
  (99, 4),
  (100, 5),
  (101, 5),
  (102, 10),
  (102, 12),
  (103, 10),
  (103, 12),
  (104, 14),
  (105, 14),
  (106, 2),
  (107, 2),
  (108, 9),
  (109, 11),
  (110, 11),
  (111, 14),
  (111, 13),
  (112, 14),
  (112, 13),
  (113, 9),
  (114, 10),
  (115, 9),
  (116, 4),
  (117, 4),
  (118, 4),
  (119, 4),
  (120, 4),
  (121, 4),
  (121, 12),
  (122, 12),
  (123, 8),
  (123, 17),
  (124, 7),
  (124, 12),
  (125, 5),
  (126, 6),
  (127, 8),
  (128, 9),
  (129, 4),
  (130, 4),
  (130, 17),
  (131, 4),
  (131, 7),
  (132, 9),
  (133, 9),
  (134, 4),
  (135, 5),
  (136, 6),
  (137, 9),
  (138, 13),
  (138, 4),
  (139, 13),
  (139, 4),
  (140, 13),
  (140, 4),
  (141, 13),
  (141, 4),
  (142, 13),
  (142, 17),
  (143, 9),
  (144, 7),
  (144, 17),
  (145, 5),
  (145, 17),
  (146, 6),
  (146, 17),
  (147, 3),
  (148, 3),
  (149, 3),
  (149, 17),
  (150, 12),
  (151, 12),
  (151, 12),
  (152, 10),
  (153, 10),
  (154, 10),
  (155, 6),
  (156, 6),
  (157, 6),
  (158, 4),
  (159, 4),
  (160, 4),
  (161, 9),
  (162, 9),
  (163, 9),
  (163, 12),
  (164, 9),
  (164, 12),
  (165, 8),
  (165, 9),
  (166, 8),
  (166, 9),
  (167, 8),
  (167, 11),
  (168, 8),
  (168, 11),
  (169, 11),
  (169, 17),
  (170, 4),
  (170, 5),
  (171, 4),
  (171, 5),
  (172, 5),
  (173, 9),
  (174, 9),
  (175, 9),
  (176, 9),
  (177, 12),
  (177, 17),
  (178, 12),
  (178, 17),
  (179, 5),
  (180, 5),
  (181, 5),
  (182, 10),
  (183, 4),
  (183, 9),
  (184, 4),
  (184, 9),
  (185, 13),
  (186, 4),
  (187, 10),
  (187, 17),
  (188, 10),
  (188, 17),
  (189, 10),
  (189, 17),
  (190, 9),
  (191, 10),
  (192, 10),
  (193, 8),
  (193, 17),
  (194, 4),
  (194, 14),
  (195, 4),
  (195, 14),
  (196, 12),
  (197, 17),
  (198, 17),
  (198, 9),
  (199, 4),
  (199, 12),
  (200, 15),
  (201, 12),
  (202, 12),
  (203, 9),
  (203, 12),
  (204, 8),
  (205, 8),
  (205, 1),
  (206, 9),
  (207, 14),
  (207, 17),
  (208, 1),
  (208, 14),
  (209, 9),
  (209, 17),
  (210, 9),
  (210, 17),
  (211, 4),
  (211, 11),
  (212, 8),
  (212, 1),
  (213, 13),
  (213, 17),
  (214, 8),
  (214, 2),
  (215, 17),
  (215, 7),
  (216, 9),
  (217, 9),
  (218, 6),
  (219, 6),
  (219, 13),
  (220, 7),
  (220, 14),
  (221, 7),
  (221, 14),
  (222, 4),
  (222, 7),
  (223, 4),
  (224, 4),
  (225, 7),
  (226, 4),
  (227, 1),
  (227, 17),
  (228, 17),
  (228, 6),
  (229, 17),
  (229, 6),
  (230, 4),
  (230, 3),
  (231, 9),
  (232, 9),
  (233, 9),
  (233, 5),
  (234, 9),
  (235, 9),
  (236, 2),
  (237, 2),
  (238, 7),
  (238, 12),
  (239, 5),
  (240, 6),
  (241, 9),
  (242, 9),
  (243, 5),
  (244, 6),
  (245, 4),
  (246, 14),
  (246, 13),
  (247, 14),
  (247, 13),
  (248, 14),
  (248, 17),
  (249, 15),
  (249, 17),
  (250, 6),
  (250, 17),
  (251, 10),
  (251, 12),
  (252, 10),
  (253, 10),
  (254, 10),
  (254, 17),
  (255, 6),
  (256, 6),
  (256, 2),
  (257, 6),
  (257, 2),
  (258, 4),
  (259, 4),
  (260, 4),
  (260, 14),
  (261, 17),
  (262, 17),
  (263, 9),
  (264, 9),
  (265, 8),
  (266, 8),
  (267, 8),
  (267, 17),
  (268, 8),
  (269, 8),
  (269, 11),
  (270, 4),
  (270, 10),
  (271, 4),
  (271, 10),
  (272, 4),
  (272, 10),
  (273, 10),
  (274, 10),
  (274, 17),
  (275, 10),
  (275, 17),
  (276, 9),
  (277, 9),
  (278, 4),
  (278, 17),
  (279, 4),
  (279, 17),
  (280, 12),
  (281, 12),
  (282, 12),
  (283, 4),
  (283, 8),
  (284, 4),
  (284, 8),
  (285, 10),
  (286, 10),
  (286, 2),
  (287, 9),
  (288, 9),
  (289, 9),
  (290, 8),
  (290, 14),
  (291, 8),
  (291, 14),
  (292, 8),
  (292, 15),
  (293, 9),
  (294, 9),
  (295, 9),
  (296, 2),
  (297, 2),
  (298, 4),
  (298, 9),
  (299, 1),
  (299, 14),
  (300, 9),
  (301, 9),
  (302, 17),
  (302, 11),
  (303, 9),
  (303, 18),
  (304, 1),
  (304, 14),
  (305, 1),
  (305, 14),
  (306, 1),
  (306, 14),
  (307, 2),
  (307, 12),
  (308, 2),
  (308, 12),
  (309, 5),
  (310, 5),
  (311, 5),
  (312, 5),
  (313, 8),
  (314, 8),
  (315, 10),
  (315, 11),
  (316, 11),
  (317, 11),
  (318, 4),
  (318, 17),
  (319, 4),
  (319, 17),
  (320, 4),
  (321, 4),
  (322, 6),
  (322, 14),
  (323, 6),
  (323, 14),
  (324, 6),
  (325, 12),
  (326, 12),
  (327, 9),
  (328, 14),
  (329, 14),
  (329, 17),
  (330, 14),
  (330, 17),
  (331, 10),
  (332, 10),
  (332, 17),
  (333, 9),
  (333, 17),
  (334, 9),
  (334, 17),
  (335, 9),
  (336, 11),
  (337, 13),
  (337, 12),
  (338, 13),
  (338, 12),
  (339, 4),
  (339, 14),
  (340, 4),
  (340, 14),
  (341, 4),
  (342, 4),
  (342, 17),
  (343, 4),
  (343, 14),
  (344, 4),
  (344, 14),
  (345, 13),
  (345, 4),
  (346, 13),
  (346, 4),
  (347, 13),
  (347, 4),
  (348, 13),
  (348, 4),
  (349, 4),
  (350, 4),
  (351, 9),
  (352, 9),
  (353, 15),
  (354, 15),
  (355, 15),
  (356, 15),
  (357, 10),
  (357, 17),
  (358, 12),
  (359, 17),
  (360, 15),
  (361, 7),
  (362, 7),
  (363, 4),
  (363, 7),
  (364, 4),
  (364, 7),
  (365, 4),
  (365, 7),
  (366, 4),
  (367, 4),
  (367, 11),
  (368, 4),
  (368, 11),
  (369, 13),
  (369, 4),
  (370, 4),
  (371, 3),
  (372, 3),
  (373, 3),
  (373, 17),
  (374, 1),
  (374, 12),
  (375, 1),
  (375, 12),
  (376, 1),
  (376, 12),
  (377, 13),
  (378, 7),
  (379, 1),
  (380, 3),
  (380, 12),
  (381, 3),
  (381, 12),
  (382, 4),
  (383, 14),
  (384, 3),
  (384, 17),
  (385, 1),
  (385, 12),
  (386, 12),
  (387, 10),
  (388, 10),
  (389, 10),
  (389, 14),
  (390, 6),
  (391, 6),
  (391, 2),
  (392, 6),
  (392, 2),
  (393, 4),
  (394, 4),
  (395, 4),
  (395, 1),
  (396, 9),
  (397, 9),
  (398, 9),
  (398, 17),
  (399, 9),
  (400, 9),
  (401, 8),
  (402, 8),
  (403, 5),
  (404, 5),
  (405, 5),
  (406, 10),
  (407, 10),
  (407, 12),
  (408, 13),
  (409, 13),
  (410, 13),
  (410, 1),
  (411, 13),
  (411, 1),
  (412, 8),
  (413, 8),
  (413, 10),
  (413, 14),
  (414, 8),
  (415, 8),
  (416, 8),
  (417, 5),
  (418, 4),
  (419, 4),
  (420, 10),
  (421, 10),
  (422, 4),
  (423, 4),
  (423, 14),
  (424, 9),
  (425, 4),
  (425, 15),
  (426, 4),
  (426, 15),
  (427, 9),
  (428, 9),
  (429, 15),
  (429, 12),
  (430, 17),
  (430, 9),
  (431, 9),
  (432, 9),
  (433, 12),
  (434, 11),
  (435, 11),
  (436, 1),
  (436, 12),
  (437, 1),
  (437, 12),
  (438, 13),
  (439, 12),
  (440, 9),
  (441, 9),
  (441, 17),
  (442, 15),
  (443, 3),
  (444, 3),
  (445, 3),
  (445, 14),
  (446, 9),
  (447, 2),
  (448, 2),
  (448, 1),
  (449, 14),
  (450, 14),
  (451, 11),
  (451, 8),
  (452, 11),
  (452, 17),
  (453, 11),
  (453, 2),
  (454, 11),
  (454, 2),
  (455, 10),
  (456, 4),
  (457, 4),
  (458, 4),
  (458, 17),
  (459, 10),
  (459, 7),
  (460, 10),
  (460, 7),
  (461, 17),
  (461, 7),
  (462, 5),
  (462, 1),
  (463, 9),
  (464, 14),
  (464, 13),
  (465, 10),
  (466, 5),
  (467, 6),
  (468, 9),
  (468, 18),
  (469, 8),
  (469, 17),
  (470, 10),
  (471, 7),
  (472, 14),
  (472, 17),
  (473, 14),
  (473, 7),
  (474, 9),
  (474, 12),
  (475, 2),
  (475, 12),
  (476, 1),
  (476, 13),
  (477, 15),
  (478, 7),
  (478, 15),
  (479, 15),
  (480, 12),
  (481, 12),
  (482, 12),
  (483, 3),
  (483, 12),
  (484, 3),
  (484, 4),
  (485, 6),
  (485, 1),
  (486, 9),
  (487, 15),
  (487, 3),
  (488, 12),
  (489, 4),
  (490, 4),
  (491, 17),
  (492, 10),
  (492, 18),
  (493, 9),
  (494, 9),
  (494, 6),
  (495, 10),
  (496, 10),
  (497, 10),
  (498, 6),
  (499, 6),
  (499, 2),
  (500, 6),
  (500, 2),
  (501, 4),
  (502, 4),
  (503, 4),
  (504, 9),
  (505, 9),
  (506, 9),
  (507, 9),
  (508, 9),
  (509, 17),
  (510, 17),
  (511, 10),
  (512, 10),
  (513, 6),
  (514, 6),
  (515, 4),
  (516, 4),
  (517, 12),
  (518, 12),
  (519, 9),
  (520, 9),
  (521, 9),
  (521, 17),
  (522, 5),
  (523, 5),
  (524, 13),
  (525, 13),
  (526, 13),
  (527, 12),
  (527, 17),
  (528, 12),
  (528, 17),
  (529, 14),
  (530, 14),
  (531, 9),
  (532, 2),
  (533, 2),
  (534, 2),
  (535, 4),
  (536, 4),
  (537, 4),
  (537, 11),
  (538, 2),
  (539, 2),
  (540, 8),
  (540, 10),
  (541, 8),
  (541, 10),
  (542, 8),
  (542, 10),
  (543, 8),
  (543, 11),
  (544, 8),
  (544, 11),
  (545, 8),
  (545, 11),
  (546, 10),
  (546, 18),
  (547, 10),
  (547, 18),
  (548, 10),
  (549, 10),
  (550, 4),
  (551, 14),
  (551, 17),
  (552, 14),
  (552, 17),
  (553, 14),
  (553, 17),
  (554, 6),
  (554, 14),
  (555, 6),
  (556, 10),
  (557, 13),
  (557, 4),
  (558, 13),
  (558, 4),
  (559, 17),
  (559, 11),
  (560, 17),
  (560, 11),
  (561, 12),
  (561, 17),
  (562, 15),
  (563, 15),
  (564, 13),
  (564, 4),
  (565, 13),
  (565, 4),
  (566, 13),
  (566, 9),
  (567, 13),
  (567, 9),
  (568, 11),
  (569, 11),
  (570, 17),
  (571, 17),
  (572, 9),
  (573, 9),
  (574, 12),
  (575, 12),
  (576, 12),
  (577, 12),
  (578, 12),
  (579, 12),
  (580, 4),
  (580, 17),
  (581, 4),
  (581, 17),
  (582, 7),
  (583, 7),
  (584, 7),
  (585, 9),
  (585, 10),
  (586, 9),
  (586, 10),
  (587, 5),
  (587, 17),
  (588, 8),
  (589, 8),
  (589, 1),
  (590, 10),
  (590, 11),
  (591, 10),
  (591, 11),
  (592, 4),
  (592, 15),
  (593, 4),
  (593, 15),
  (594, 4),
  (595, 8),
  (595, 5),
  (596, 8),
  (596, 5),
  (597, 8),
  (597, 10),
  (598, 8),
  (598, 10),
  (599, 1),
  (600, 1),
  (601, 1),
  (602, 5),
  (602, 15),
  (603, 5),
  (603, 15),
  (604, 5),
  (604, 15),
  (605, 12),
  (606, 12),
  (607, 6),
  (607, 15),
  (608, 6),
  (608, 15),
  (609, 6),
  (609, 15),
  (610, 3),
  (611, 3),
  (612, 3),
  (613, 7),
  (614, 7),
  (615, 7),
  (616, 8),
  (617, 8),
  (618, 5),
  (618, 14),
  (619, 2),
  (620, 2),
  (621, 3),
  (622, 15),
  (622, 14),
  (623, 15),
  (623, 14),
  (624, 17),
  (624, 1),
  (625, 17),
  (625, 1),
  (626, 9),
  (627, 9),
  (627, 17),
  (628, 9),
  (628, 17),
  (629, 9),
  (629, 17),
  (630, 9),
  (630, 17),
  (631, 6),
  (632, 8),
  (632, 1),
  (633, 3),
  (633, 17),
  (634, 3),
  (634, 17),
  (635, 3),
  (635, 17),
  (636, 8),
  (636, 6),
  (637, 8),
  (637, 6),
  (638, 1),
  (638, 2),
  (639, 13),
  (639, 2),
  (640, 10),
  (640, 2),
  (641, 17),
  (641, 9),
  (642, 17),
  (642, 5),
  (643, 3),
  (643, 6),
  (644, 3),
  (644, 5),
  (645, 17),
  (645, 14),
  (646, 3),
  (646, 7),
  (647, 4),
  (647, 2),
  (648, 12),
  (648, 9),
  (649, 8),
  (649, 1),
  (650, 10),
  (651, 10),
  (652, 10),
  (652, 2),
  (653, 6),
  (654, 6),
  (655, 6),
  (655, 12),
  (656, 4),
  (657, 4),
  (658, 4),
  (658, 17),
  (659, 9),
  (660, 9),
  (661, 6),
  (661, 17),
  (662, 6),
  (662, 17),
  (663, 6),
  (663, 17),
  (664, 8),
  (665, 8),
  (666, 8),
  (666, 17),
  (667, 6),
  (668, 6),
  (668, 9),
  (669, 18),
  (670, 18),
  (671, 18),
  (672, 10),
  (673, 10),
  (674, 10),
  (674, 2),
  (675, 10),
  (675, 17),
  (676, 9),
  (677, 12),
  (678, 12),
  (678, 17),
  (679, 1),
  (679, 15),
  (680, 1),
  (680, 15),
  (681, 1),
  (681, 15),
  (682, 18),
  (683, 18),
  (684, 18),
  (685, 18),
  (686, 17),
  (686, 12),
  (687, 17),
  (687, 12),
  (688, 13),
  (688, 4),
  (689, 13),
  (689, 4),
  (690, 11),
  (690, 4),
  (691, 11),
  (691, 4),
  (692, 4),
  (693, 4),
  (694, 5),
  (694, 9),
  (695, 5),
  (695, 9),
  (696, 13),
  (696, 3),
  (697, 13),
  (697, 3),
  (698, 13),
  (698, 7),
  (699, 13),
  (699, 7),
  (700, 18),
  (701, 9),
  (701, 2),
  (702, 5),
  (702, 18),
  (703, 18),
  (703, 13),
  (704, 3),
  (705, 3),
  (706, 3),
  (707, 1),
  (707, 18),
  (708, 10),
  (708, 15),
  (709, 10),
  (709, 15),
  (710, 10),
  (710, 15),
  (711, 10),
  (711, 15),
  (712, 7),
  (713, 7),
  (714, 17),
  (714, 3),
  (715, 17),
  (715, 3),
  (716, 18),
  (717, 17),
  (718, 3),
  (719, 18),
  (719, 13),
  (720, 15),
  (720, 12),
  (721, 6),
  (721, 4),
  (722, 10),
  (722, 17),
  (723, 10),
  (723, 17),
  (724, 10),
  (724, 17),
  (725, 6),
  (726, 6),
  (727, 6),
  (727, 17),
  (728, 4),
  (729, 4),
  (730, 4),
  (730, 12),
  (731, 9),
  (732, 9),
  (733, 9),
  (734, 9),
  (735, 9),
  (736, 8),
  (737, 8),
  (737, 5),
  (738, 8),
  (738, 5),
  (739, 2),
  (740, 2),
  (740, 7),
  (741, 17),
  (742, 8),
  (743, 8),
  (743, 18),
  (744, 14),
  (745, 14),
   (745, 6),
  (746, 4),
  (746, 4),
  (747, 4),
  (747, 11),
  (748, 4),
  (748, 11),
  (749, 14),
  (750, 14),
  (751, 4),
  (751, 11),
  (752, 4),
  (752, 11),
  (753, 10),
  (754, 10),
  (755, 10),
  (755, 15),
  (756, 10),
  (756, 15),
  (757, 11),
  (757, 6),
  (758, 11),
  (758, 6),
  (759, 9),
  (759, 2),
  (760, 9),
  (760, 2),
  (761, 10),
  (762, 10),
  (763, 10),
  (764, 10),
  (764, 18),
  (765, 12),
  (765, 10),
  (766, 9),
  (766, 2),
  (767, 8),
  (767, 4),
  (768, 8),
  (768, 4),
  (769, 15),
  (769, 14),
  (770, 15),
  (770, 14),
  (771, 4),
  (772, 9),
  (773, 9),
  (774, 9),
  (775, 9),
  (776, 6),
  (776, 14),
  (777, 5),
  (777, 1),
  (778, 9),
  (778, 15),
  (779, 4),
  (779, 11),
  (780, 3),
  (780, 12),
  (781, 8),
  (781, 15),
  (782, 3),
  (783, 3),
  (784, 3),
  (785, 17),
  (785, 18),
  (786, 17),
  (786, 18),
  (787, 17),
  (787, 18),
  (788, 17),
  (788, 18),
  (789, 12),
  (790, 12),
  (791, 3),
  (791, 9),
  (792, 3),
  (792, 15),
  (793, 3),
  (793, 14),
  (794, 3),
  (794, 14),
  (795, 8),
  (795, 2),
  (796, 5),
  (796, 12),
  (797, 1),
  (797, 13),
  (798, 8),
  (798, 2),
  (799, 17),
  (799, 9),
  (800, 3),
  (800, 15),
  (801, 1),
  (801, 18),
  (802, 17),
  (802, 2),
  (803, 3),
  (803, 15),
  (804, 3),
  (804, 15),
  (805, 13),
  (805, 1),
  (806, 3),
  (806, 6),
  (807, 5),
  (808, 9),
  (808, 1),
  (809, 9),
  (809, 1),
  (810, 10),
  (811, 10),
  (812, 10),
  (812, 2),
  (813, 6),
  (814, 6),
  (815, 6),
  (816, 4),
  (817, 4),
  (818, 4),
  (819, 9),
  (820, 9),
  (821, 9),
  (822, 9),
  (823, 9),
  (823, 17),
  (824, 8),
  (825, 8),
  (826, 8),
  (827, 17),
  (828, 17),
  (829, 10),
  (830, 10),
  (831, 9),
  (832, 9),
  (833, 4),
  (834, 4),
  (834, 14),
  (835, 5),
  (836, 5),
  (837, 13),
  (837, 14),
  (838, 13),
  (838, 14),
  (839, 13),
  (839, 14),
  (840, 10),
  (841, 10),
  (842, 10),
  (842, 12),
  (843, 14),
  (844, 14),
  (845, 4),
  (846, 4),
  (847, 4),
  (848, 5),
  (849, 5),
  (849, 11),
  (850, 8),
  (851, 8),
  (851, 6),
  (852, 2),
  (853, 2),
  (854, 15),
  (855, 15),
  (856, 12),
  (857, 12),
  (858, 12),
  (859, 17),
  (860, 17),
  (861, 17),
  (862, 9),
  (862, 17),
  (863, 1),
  (863, 9),
  (864, 9),
  (864, 2),
  (865, 9),
  (865, 2),
  (866, 15),
  (866, 12),
  (867, 15),
  (868, 18),
  (869, 18),
  (870, 2),
  (871, 5),
  (872, 7),
  (873, 7),
  (874, 13),
  (875, 7),
  (876, 12),
  (877, 5),
  (878, 14),
  (879, 14),
  (880, 14),
  (880, 7),
  (881, 14),
  (881, 7),
  (882, 14),
  (882, 7),
  (883, 14),
  (883, 7),
  (884, 1),
  (884, 3),
  (885, 3),
  (885, 15),
  (886, 3),
  (886, 15),
  (887, 3),
  (887, 15),
  (888, 3),
  (888, 2),
  (889, 3),
  (889, 2),
  (890, 3),
  (890, 15),
  (891, 2),
  (892, 2),
  (893, 17),
  (893, 10),
  (894, 5),
  (895, 3),
  (896, 7),
  (897, 15),
  (898, 10),
  (898, 12),
  (899, 10),
  (900, 14),
  (901, 9),
  (901, 2),
  (902, 4),
  (902, 15),
  (903, 17),
  (903, 11),
  (904, 8),
  (904, 11),
  (905, 17),
  (905, 15);
;

COMMIT;
